source_frame,trajectory_index,hand,tcp_x_m,tcp_y_m,tcp_z_m,step_dx_mm,step_dy_mm,step_dz_mm,step_dxy_mm,openness,finger_q0_m,finger_q1_m
3292,3292,left,0.430176592,-0.035946589,0.980106437,nan,nan,nan,nan,0.500000,0.022020657,0.021967413
3292,3292,right,0.438136853,-0.199912655,0.983464169,nan,nan,nan,nan,0.500000,0.021892937,0.022119835
3293,3293,left,0.430176592,-0.035946589,0.980106437,0.000000,0.000000,0.000000,0.000000,0.499947,0.022018323,0.021965081
3293,3293,right,0.438136853,-0.199912655,0.983464169,0.000000,0.000000,0.000000,0.000000,0.500000,0.021892937,0.022119835
3294,3294,left,0.430176592,-0.035946589,0.980106437,0.000000,0.000000,0.000000,0.000000,0.499590,0.022002608,0.021949366
3294,3294,right,0.438136853,-0.199912655,0.983464169,0.000000,0.000000,0.000000,0.000000,0.500000,0.021892937,0.022119835
3295,3295,left,0.430176592,-0.035946589,0.980106437,0.000000,0.000000,0.000000,0.000000,0.498663,0.021961814,0.021908574
3295,3295,right,0.438136853,-0.199912655,0.983464169,0.000000,0.000000,0.000000,0.000000,0.500000,0.021892937,0.022119835
3296,3296,left,0.430176592,-0.035946589,0.980106437,0.000000,0.000000,0.000000,0.000000,0.496940,0.021886012,0.021832772
3296,3296,right,0.438136853,-0.199912655,0.983464169,0.000000,0.000000,0.000000,0.000000,0.500000,0.021892937,0.022119835
3297,3297,left,0.430176592,-0.035946589,0.980106437,0.000000,0.000000,0.000000,0.000000,0.494234,0.021766931,0.021713695
3297,3297,right,0.438136853,-0.199912655,0.983464169,0.000000,0.000000,0.000000,0.000000,0.500000,0.021892937,0.022119835
3298,3298,left,0.430176592,-0.035946589,0.980106437,0.000000,0.000000,0.000000,0.000000,0.490392,0.021597903,0.021544671
3298,3298,right,0.438136853,-0.199912655,0.983464169,0.000000,0.000000,0.000000,0.000000,0.500000,0.021892937,0.022119835
3299,3299,left,0.430176632,-0.035946547,0.980106399,0.000040,0.000042,-0.000038,0.000058,0.485298,0.021373753,0.021320526
3299,3299,right,0.438136853,-0.199912655,0.983464169,0.000000,0.000000,0.000000,0.000000,0.500000,0.021892937,0.022119835
3300,3300,left,0.430176632,-0.035946547,0.980106399,0.000000,0.000000,0.000000,0.000000,0.478866,0.021090727,0.021037508
3300,3300,right,0.438136853,-0.199912655,0.983464169,0.000000,0.000000,0.000000,0.000000,0.500000,0.021892937,0.022119835
3301,3301,left,0.430176614,-0.035946546,0.980106382,-0.000018,0.000001,-0.000017,0.000018,0.471040,0.020746399,0.020693189
3301,3301,right,0.438136853,-0.199912655,0.983464169,0.000000,0.000000,0.000000,0.000000,0.500000,0.021892937,0.022119835
3302,3302,left,0.430176606,-0.035946576,0.980106241,-0.000008,-0.000030,-0.000141,0.000031,0.461794,0.020339588,0.020286389
3302,3302,right,0.438136853,-0.199912655,0.983464169,0.000000,0.000000,0.000000,0.000000,0.500000,0.021892937,0.022119835
3303,3303,left,0.430176606,-0.035946576,0.980106241,0.000000,0.000000,0.000000,0.000000,0.451128,0.019870276,0.019817088
3303,3303,right,0.438136853,-0.199912655,0.983464169,0.000000,0.000000,0.000000,0.000000,0.500000,0.021892937,0.022119835
3304,3304,left,0.430176601,-0.035946577,0.980106242,-0.000005,-0.000001,0.000000,0.000005,0.439066,0.019339509,0.019286335
3304,3304,right,0.438136853,-0.199912655,0.983464169,0.000000,0.000000,0.000000,0.000000,0.500000,0.021892937,0.022119835
3305,3305,left,0.430176606,-0.035946576,0.980106241,0.000005,0.000001,-0.000000,0.000005,0.425653,0.018749332,0.018696170
3305,3305,right,0.438136853,-0.199912655,0.983464169,0.000000,0.000000,0.000000,0.000000,0.500000,0.021892937,0.022119835
3306,3306,left,0.430176601,-0.035946583,0.980106244,-0.000005,-0.000007,0.000002,0.000008,0.410956,0.018102681,0.018049534
3306,3306,right,0.438136853,-0.199912655,0.983464169,0.000000,0.000000,0.000000,0.000000,0.500000,0.021892937,0.022119835
3307,3307,left,0.430176623,-0.035946557,0.980106262,0.000022,0.000026,0.000018,0.000034,0.395062,0.017403312,0.017350180
3307,3307,right,0.438136853,-0.199912655,0.983464169,0.000000,0.000000,0.000000,0.000000,0.500000,0.021892937,0.022119835
3308,3308,left,0.430176561,-0.035946537,0.980106349,-0.000062,0.000020,0.000087,0.000065,0.378071,0.016655711,0.016602594
3308,3308,right,0.438136853,-0.199912655,0.983464169,0.000000,0.000000,0.000000,0.000000,0.500000,0.021892937,0.022119835
3309,3309,left,0.430176561,-0.035946531,0.980106347,-0.000000,0.000006,-0.000002,0.000006,0.360101,0.015865009,0.015811909
3309,3309,right,0.438136853,-0.199912655,0.983464169,0.000000,0.000000,0.000000,0.000000,0.500000,0.021892937,0.022119835
3310,3310,left,0.430176610,-0.035946496,0.980106204,0.000049,0.000035,-0.000143,0.000060,0.341280,0.015036889,0.014983806
3310,3310,right,0.438136853,-0.199912655,0.983464169,0.000000,0.000000,0.000000,0.000000,0.500000,0.021892937,0.022119835
3311,3311,left,0.430176610,-0.035946502,0.980106206,0.000000,-0.000006,0.000002,0.000006,0.321749,0.014177513,0.014124447
3311,3311,right,0.438136853,-0.199912655,0.983464169,0.000000,0.000000,0.000000,0.000000,0.500000,0.021892937,0.022119835
3312,3312,left,0.430176628,-0.035946482,0.980106212,0.000018,0.000020,0.000006,0.000027,0.301656,0.013293426,0.013240376
3312,3312,right,0.438136853,-0.199912655,0.983464169,0.000000,0.000000,0.000000,0.000000,0.500000,0.021892937,0.022119835
3313,3313,left,0.430176606,-0.035946497,0.980106188,-0.000022,-0.000016,-0.000024,0.000027,0.281158,0.012391474,0.012338439
3313,3313,right,0.438136853,-0.199912655,0.983464169,0.000000,0.000000,0.000000,0.000000,0.500000,0.021892937,0.022119835
3314,3314,left,0.430176570,-0.035946518,0.980106198,-0.000036,-0.000021,0.000011,0.000042,0.260413,0.011478717,0.011425697
3314,3314,right,0.438136853,-0.199912655,0.983464169,0.000000,0.000000,0.000000,0.000000,0.500000,0.021892937,0.022119835
3315,3315,left,0.430176565,-0.035946519,0.980106318,-0.000005,-0.000001,0.000120,0.000005,0.239587,0.010562344,0.010509338
3315,3315,right,0.438136853,-0.199912655,0.983464169,0.000000,0.000000,0.000000,0.000000,0.500000,0.021892937,0.022119835
3316,3316,left,0.430176510,-0.035946466,0.980106182,-0.000055,0.000054,-0.000136,0.000077,0.218842,0.009649588,0.009596596
3316,3316,right,0.438136853,-0.199912655,0.983464169,0.000000,0.000000,0.000000,0.000000,0.500000,0.021892937,0.022119835
3317,3317,left,0.430176670,-0.035946375,0.980106173,0.000159,0.000091,-0.000009,0.000183,0.198344,0.008747636,0.008694658
3317,3317,right,0.438136853,-0.199912655,0.983464169,0.000000,0.000000,0.000000,0.000000,0.500000,0.021892937,0.022119835
3318,3318,left,0.430176665,-0.035946377,0.980106171,-0.000005,-0.000002,-0.000002,0.000005,0.178251,0.007863551,0.007810585
3318,3318,right,0.438136853,-0.199912655,0.983464169,0.000000,0.000000,0.000000,0.000000,0.500000,0.021892937,0.022119835
3319,3319,left,0.430176666,-0.035946384,0.980106171,0.000001,-0.000008,0.000000,0.000008,0.158720,0.007004180,0.006951224
3319,3319,right,0.438136853,-0.199912655,0.983464169,0.000000,0.000000,0.000000,0.000000,0.500000,0.021892937,0.022119835
3320,3320,left,0.430176666,-0.035946384,0.980106171,0.000000,0.000000,0.000000,0.000000,0.139899,0.006176064,0.006123118
3320,3320,right,0.438136853,-0.199912655,0.983464169,0.000000,0.000000,0.000000,0.000000,0.500000,0.021892937,0.022119835
3321,3321,left,0.430176596,-0.035946281,0.980106117,-0.000070,0.000104,-0.000054,0.000125,0.121929,0.005385365,0.005332428
3321,3321,right,0.438136853,-0.199912655,0.983464169,0.000000,0.000000,0.000000,0.000000,0.500000,0.021892937,0.022119835
3322,3322,left,0.430176591,-0.035946287,0.980106119,-0.000005,-0.000007,0.000002,0.000008,0.104938,0.004637769,0.004584840
3322,3322,right,0.438136853,-0.199912655,0.983464169,0.000000,0.000000,0.000000,0.000000,0.500000,0.021892937,0.022119835
3323,3323,left,0.430176596,-0.035946281,0.980106117,0.000005,0.000007,-0.000002,0.000008,0.089044,0.003938405,0.003885483
3323,3323,right,0.438136853,-0.199912655,0.983464169,0.000000,0.000000,0.000000,0.000000,0.500000,0.021892937,0.022119835
3324,3324,left,0.430176602,-0.035946284,0.980106104,0.000006,-0.000003,-0.000013,0.000007,0.074347,0.003291758,0.003238842
3324,3324,right,0.438136853,-0.199912655,0.983464169,0.000000,0.000000,0.000000,0.000000,0.500000,0.021892937,0.022119835
3325,3325,left,0.430176602,-0.035946284,0.980106104,0.000000,0.000000,0.000000,0.000000,0.060934,0.002701585,0.002648673
3325,3325,right,0.438136853,-0.199912655,0.983464169,0.000000,0.000000,0.000000,0.000000,0.500000,0.021892937,0.022119835
3326,3326,left,0.430176602,-0.035946284,0.980106104,0.000000,0.000000,0.000000,0.000000,0.048872,0.002170824,0.002117917
3326,3326,right,0.438136853,-0.199912655,0.983464169,0.000000,0.000000,0.000000,0.000000,0.500000,0.021892937,0.022119835
3327,3327,left,0.430176602,-0.035946284,0.980106104,0.000000,0.000000,0.000000,0.000000,0.038206,0.001701515,0.001648612
3327,3327,right,0.438136853,-0.199912655,0.983464169,0.000000,0.000000,0.000000,0.000000,0.500000,0.021892937,0.022119835
3328,3328,left,0.430176629,-0.035946257,0.980106122,0.000026,0.000027,0.000018,0.000038,0.028960,0.001294709,0.001241808
3328,3328,right,0.438136853,-0.199912655,0.983464169,0.000000,0.000000,0.000000,0.000000,0.500000,0.021892937,0.022119835
3329,3329,left,0.430176629,-0.035946257,0.980106122,0.000000,0.000000,0.000000,0.000000,0.021134,0.000950384,0.000897486
3329,3329,right,0.438136853,-0.199912655,0.983464169,0.000000,0.000000,0.000000,0.000000,0.500000,0.021892937,0.022119835
3330,3330,left,0.430176629,-0.035946257,0.980106122,0.000000,0.000000,0.000000,0.000000,0.014702,0.000667361,0.000614464
3330,3330,right,0.438136853,-0.199912655,0.983464169,0.000000,0.000000,0.000000,0.000000,0.500000,0.021892937,0.022119835
3331,3331,left,0.430176629,-0.035946257,0.980106122,0.000000,0.000000,0.000000,0.000000,0.009608,0.000443214,0.000390318
3331,3331,right,0.438136853,-0.199912655,0.983464169,0.000000,0.000000,0.000000,0.000000,0.500000,0.021892937,0.022119835
3332,3332,left,0.430176629,-0.035946257,0.980106122,0.000000,0.000000,0.000000,0.000000,0.005766,0.000274187,0.000221293
3332,3332,right,0.438136853,-0.199912655,0.983464169,0.000000,0.000000,0.000000,0.000000,0.500000,0.021892937,0.022119835
3333,3333,left,0.430176629,-0.035946257,0.980106122,0.000000,0.000000,0.000000,0.000000,0.003060,0.000155109,0.000102215
3333,3333,right,0.438136853,-0.199912655,0.983464169,0.000000,0.000000,0.000000,0.000000,0.500000,0.021892937,0.022119835
3334,3334,left,0.430176629,-0.035946257,0.980106122,0.000000,0.000000,0.000000,0.000000,0.001337,0.000079305,0.000026412
3334,3334,right,0.438136853,-0.199912655,0.983464169,0.000000,0.000000,0.000000,0.000000,0.500000,0.021892937,0.022119835
3335,3335,left,0.430176629,-0.035946257,0.980106122,0.000000,0.000000,0.000000,0.000000,0.000410,0.000038514,-0.000014379
3335,3335,right,0.438136853,-0.199912655,0.983464169,0.000000,0.000000,0.000000,0.000000,0.500000,0.021892937,0.022119835
3336,3336,left,0.430176629,-0.035946257,0.980106122,0.000000,0.000000,0.000000,0.000000,0.000053,0.000022799,-0.000030094
3336,3336,right,0.438136853,-0.199912655,0.983464169,0.000000,0.000000,0.000000,0.000000,0.500000,0.021892937,0.022119835
3337,3337,left,0.430176629,-0.035946257,0.980106122,0.000000,0.000000,0.000000,0.000000,0.000000,0.000020465,-0.000032428
3337,3337,right,0.438136853,-0.199912655,0.983464169,0.000000,0.000000,0.000000,0.000000,0.500000,0.021892937,0.022119835
3338,3338,left,0.430176629,-0.035946257,0.980106122,0.000000,0.000000,0.000000,0.000000,0.000000,0.000020465,-0.000032428
3338,3338,right,0.438136853,-0.199912655,0.983464169,0.000000,0.000000,0.000000,0.000000,0.500000,0.021892937,0.022119835
3339,3339,left,0.430176629,-0.035946257,0.980106122,0.000000,0.000000,0.000000,0.000000,0.000000,0.000020465,-0.000032428
3339,3339,right,0.438136853,-0.199912655,0.983464169,0.000000,0.000000,0.000000,0.000000,0.500000,0.021892937,0.022119835
3340,3340,left,0.430186093,-0.035947760,0.980089171,0.009465,-0.001503,-0.016951,0.009583,0.000000,0.000020436,-0.000032395
3340,3340,right,0.438136853,-0.199912655,0.983464169,0.000000,0.000000,0.000000,0.000000,0.500000,0.021892937,0.022119835
3341,3341,left,0.430201509,-0.035950850,0.980070065,0.015416,-0.003090,-0.019106,0.015722,0.000000,0.000020398,-0.000032352
3341,3341,right,0.438136853,-0.199912655,0.983464169,0.000000,0.000000,0.000000,0.000000,0.500000,0.021892937,0.022119835
3342,3342,left,0.430225938,-0.035955467,0.980038948,0.024429,-0.004617,-0.031117,0.024861,0.000000,0.000020336,-0.000032281
3342,3342,right,0.438136853,-0.199912655,0.983464169,0.000000,0.000000,0.000000,0.000000,0.500000,0.021892937,0.022119835
3343,3343,left,0.430262184,-0.035962330,0.979994211,0.036246,-0.006863,-0.044737,0.036890,0.000000,0.000020246,-0.000032178
3343,3343,right,0.438136853,-0.199912655,0.983464169,0.000000,0.000000,0.000000,0.000000,0.500000,0.021892937,0.022119835
3344,3344,left,0.430312227,-0.035971831,0.979933293,0.050043,-0.009501,-0.060918,0.050937,0.000000,0.000020124,-0.000032038
3344,3344,right,0.438136853,-0.199912655,0.983464169,0.000000,0.000000,0.000000,0.000000,0.500000,0.021892937,0.022119835
3345,3345,left,0.430377929,-0.035984440,0.979855273,0.065701,-0.012610,-0.078020,0.066901,0.000000,0.000019965,-0.000031856
3345,3345,right,0.438136853,-0.199912655,0.983464169,0.000000,0.000000,0.000000,0.000000,0.500000,0.021892937,0.022119835
3346,3346,left,0.430460947,-0.036000210,0.979757530,0.083018,-0.015770,-0.097744,0.084503,0.000000,0.000019766,-0.000031628
3346,3346,right,0.438136853,-0.199912655,0.983464169,0.000000,0.000000,0.000000,0.000000,0.500000,0.021892937,0.022119835
3347,3347,left,0.430562731,-0.036019731,0.979639456,0.101784,-0.019520,-0.118073,0.103639,0.000000,0.000019524,-0.000031351
3347,3347,right,0.438136853,-0.199912655,0.983464169,0.000000,0.000000,0.000000,0.000000,0.500000,0.021892937,0.022119835
3348,3348,left,0.430684768,-0.036043012,0.979498999,0.122037,-0.023282,-0.140457,0.124238,0.000000,0.000019237,-0.000031021
3348,3348,right,0.438136853,-0.199912655,0.983464169,0.000000,0.000000,0.000000,0.000000,0.500000,0.021892937,0.022119835
3349,3349,left,0.430828406,-0.036070341,0.979335190,0.143638,-0.027329,-0.163809,0.146214,0.000000,0.000018901,-0.000030635
3349,3349,right,0.438136853,-0.199912655,0.983464169,0.000000,0.000000,0.000000,0.000000,0.500000,0.021892937,0.022119835
3350,3350,left,0.430994035,-0.036101918,0.979146831,0.165629,-0.031577,-0.188359,0.168613,0.000000,0.000018515,-0.000030192
3350,3350,right,0.438136853,-0.199912655,0.983464169,0.000000,0.000000,0.000000,0.000000,0.500000,0.021892937,0.022119835
3351,3351,left,0.431183067,-0.036137774,0.978932315,0.189032,-0.035856,-0.214516,0.192403,0.000000,0.000018078,-0.000029690
3351,3351,right,0.438136853,-0.199912655,0.983464169,0.000000,0.000000,0.000000,0.000000,0.500000,0.021892937,0.022119835
3352,3352,left,0.431396118,-0.036178299,0.978691886,0.213050,-0.040525,-0.240429,0.216870,0.000000,0.000017588,-0.000029127
3352,3352,right,0.438136853,-0.199912655,0.983464169,0.000000,0.000000,0.000000,0.000000,0.500000,0.021892937,0.022119835
3353,3353,left,0.431697405,-0.036248101,0.978493483,0.301288,-0.069802,-0.198403,0.309268,0.000000,0.000017042,-0.000028499
3353,3353,right,0.438136853,-0.199912655,0.983464169,0.000000,0.000000,0.000000,0.000000,0.500000,0.021892937,0.022119835
3354,3354,left,0.431967831,-0.036301380,0.978205333,0.270425,-0.053279,-0.288150,0.275624,0.000000,0.000016444,-0.000027812
3354,3354,right,0.438136853,-0.199912655,0.983464169,0.000000,0.000000,0.000000,0.000000,0.500000,0.021892937,0.022119835
3355,3355,left,0.432262868,-0.036359572,0.977887528,0.295038,-0.058192,-0.317805,0.300722,0.000000,0.000015794,-0.000027062
3355,3355,right,0.438136853,-0.199912655,0.983464169,0.000000,0.000000,0.000000,0.000000,0.500000,0.021892937,0.022119835
3356,3356,left,0.432584073,-0.036422939,0.977541449,0.321204,-0.063367,-0.346079,0.327395,0.000000,0.000015090,-0.000026250
3356,3356,right,0.438136853,-0.199912655,0.983464169,0.000000,0.000000,0.000000,0.000000,0.500000,0.021892937,0.022119835
3357,3357,left,0.432930631,-0.036491406,0.977166037,0.346558,-0.068468,-0.375412,0.353257,0.000000,0.000014333,-0.000025376
3357,3357,right,0.438136853,-0.199912655,0.983464169,0.000000,0.000000,0.000000,0.000000,0.500000,0.021892937,0.022119835
3358,3358,left,0.433303052,-0.036564633,0.976760530,0.372421,-0.073227,-0.405507,0.379552,0.000000,0.000013524,-0.000024442
3358,3358,right,0.438136853,-0.199912655,0.983464169,0.000000,0.000000,0.000000,0.000000,0.500000,0.021892937,0.022119835
3359,3359,left,0.433701124,-0.036643124,0.976325746,0.398072,-0.078490,-0.434784,0.405737,0.000000,0.000012666,-0.000023449
3359,3359,right,0.438136853,-0.199912655,0.983464169,0.000000,0.000000,0.000000,0.000000,0.500000,0.021892937,0.022119835
3360,3360,left,0.434124561,-0.036726441,0.975861261,0.423437,-0.083318,-0.464485,0.431556,0.000000,0.000011760,-0.000022398
3360,3360,right,0.438136853,-0.199912655,0.983464169,0.000000,0.000000,0.000000,0.000000,0.500000,0.021892937,0.022119835
3361,3361,left,0.434572776,-0.036814868,0.975367294,0.448215,-0.088426,-0.493967,0.456854,0.000000,0.000010807,-0.000021292
3361,3361,right,0.438136853,-0.199912655,0.983464169,0.000000,0.000000,0.000000,0.000000,0.500000,0.021892937,0.022119835
3362,3362,left,0.435045492,-0.036907965,0.974843828,0.472716,-0.093097,-0.523466,0.481796,0.000000,0.000009809,-0.000020133
3362,3362,right,0.438136853,-0.199912655,0.983464169,0.000000,0.000000,0.000000,0.000000,0.500000,0.021892937,0.022119835
3363,3363,left,0.435542262,-0.037005692,0.974291302,0.496770,-0.097727,-0.552526,0.506291,0.000000,0.000008770,-0.000018924
3363,3363,right,0.438136853,-0.199912655,0.983464169,0.000000,0.000000,0.000000,0.000000,0.500000,0.021892937,0.022119835
3364,3364,left,0.436062299,-0.037108078,0.973710117,0.520038,-0.102387,-0.581185,0.530021,0.000000,0.000007692,-0.000017667
3364,3364,right,0.438136853,-0.199912655,0.983464169,0.000000,0.000000,0.000000,0.000000,0.500000,0.021892937,0.022119835
3365,3365,left,0.436604510,-0.037214857,0.973100045,0.542211,-0.106779,-0.610072,0.552625,0.000000,0.000006578,-0.000016365
3365,3365,right,0.438136853,-0.199912655,0.983464169,0.000000,0.000000,0.000000,0.000000,0.500000,0.021892937,0.022119835
3366,3366,left,0.437168930,-0.037326121,0.972462755,0.564419,-0.111263,-0.637290,0.575281,0.000000,0.000005431,-0.000015023
3366,3366,right,0.438136853,-0.199912655,0.983464169,0.000000,0.000000,0.000000,0.000000,0.500000,0.021892937,0.022119835
3367,3367,left,0.437753713,-0.037441151,0.971797632,0.584783,-0.115030,-0.665123,0.595989,0.000000,0.000004254,-0.000013643
3367,3367,right,0.438136853,-0.199912655,0.983464169,0.000000,0.000000,0.000000,0.000000,0.500000,0.021892937,0.022119835
3368,3368,left,0.438358897,-0.037560282,0.971106065,0.605185,-0.119131,-0.691567,0.616799,0.000000,0.000003051,-0.000012229
3368,3368,right,0.438136853,-0.199912655,0.983464169,0.000000,0.000000,0.000000,0.000000,0.500000,0.021892937,0.022119835
3369,3369,left,0.438982917,-0.037682980,0.970388382,0.624019,-0.122698,-0.717683,0.635968,0.000000,0.000001824,-0.000010785
3369,3369,right,0.438136853,-0.199912655,0.983464169,0.000000,0.000000,0.000000,0.000000,0.500000,0.021892937,0.022119835
3370,3370,left,0.439624545,-0.037809453,0.969645736,0.641629,-0.126473,-0.742646,0.653975,0.000000,0.000000579,-0.000009316
3370,3370,right,0.438136853,-0.199912655,0.983464169,0.000000,0.000000,0.000000,0.000000,0.500000,0.021892937,0.022119835
3371,3371,left,0.440282891,-0.037938994,0.968878850,0.658346,-0.129541,-0.766887,0.670970,0.000000,-0.000000682,-0.000007824
3371,3371,right,0.438136853,-0.199912655,0.983464169,0.000000,0.000000,0.000000,0.000000,0.500000,0.021892937,0.022119835
3372,3372,left,0.440956524,-0.038071572,0.968088006,0.673633,-0.132578,-0.790844,0.686556,0.000000,-0.000001956,-0.000006315
3372,3372,right,0.438136853,-0.199912655,0.983464169,0.000000,0.000000,0.000000,0.000000,0.500000,0.021892937,0.022119835
3373,3373,left,0.441644562,-0.038206985,0.967274875,0.688038,-0.135413,-0.813131,0.701236,0.000000,-0.000003237,-0.000004792
3373,3373,right,0.438136853,-0.199912655,0.983464169,0.000000,0.000000,0.000000,0.000000,0.500000,0.021892937,0.022119835
3374,3374,left,0.442345385,-0.038345157,0.966440338,0.700823,-0.138172,-0.834537,0.714314,0.000000,-0.000004524,-0.000003259
3374,3374,right,0.438136853,-0.199912655,0.983464169,0.000000,0.000000,0.000000,0.000000,0.500000,0.021892937,0.022119835
3375,3375,left,0.443057997,-0.038485403,0.965585358,0.712612,-0.140246,-0.854980,0.726281,0.000000,-0.000005812,-0.000001721
3375,3375,right,0.438136853,-0.199912655,0.983464169,0.000000,0.000000,0.000000,0.000000,0.500000,0.021892937,0.022119835
3376,3376,left,0.443780498,-0.038627722,0.964710952,0.722501,-0.142319,-0.874407,0.736385,0.000000,-0.000007097,-0.000000182
3376,3376,right,0.438136853,-0.199912655,0.983464169,0.000000,0.000000,0.000000,0.000000,0.500000,0.021892937,0.022119835
3377,3377,left,0.444512145,-0.038771937,0.963818023,0.731647,-0.144216,-0.892929,0.745725,0.000000,-0.000008377,0.000001355
3377,3377,right,0.438136853,-0.199912655,0.983464169,0.000000,0.000000,0.000000,0.000000,0.500000,0.021892937,0.022119835
3378,3378,left,0.445251030,-0.038917492,0.962908142,0.738885,-0.145554,-0.909881,0.753085,0.000000,-0.000009649,0.000002885
3378,3378,right,0.438136853,-0.199912655,0.983464169,0.000000,0.000000,0.000000,0.000000,0.500000,0.021892937,0.022119835
3379,3379,left,0.445996054,-0.039064388,0.961982304,0.745025,-0.146896,-0.925838,0.759368,0.000000,-0.000010909,0.000004406
3379,3379,right,0.438136853,-0.199912655,0.983464169,0.000000,0.000000,0.000000,0.000000,0.500000,0.021892937,0.022119835
3380,3380,left,0.446745548,-0.039211945,0.961041369,0.749494,-0.147557,-0.940936,0.763881,0.000000,-0.000012154,0.000005913
3380,3380,right,0.438136853,-0.199912655,0.983464169,0.000000,0.000000,0.000000,0.000000,0.500000,0.021892937,0.022119835
3381,3381,left,0.447497930,-0.039360285,0.960087399,0.752382,-0.148341,-0.953970,0.766867,0.000000,-0.000013382,0.000007403
3381,3381,right,0.438136853,-0.199912655,0.983464169,0.000000,0.000000,0.000000,0.000000,0.500000,0.021892937,0.022119835
3382,3382,left,0.448252026,-0.039509046,0.959120885,0.754096,-0.148761,-0.966514,0.768629,0.000000,-0.000014590,0.000008874
3382,3382,right,0.438136853,-0.199912655,0.983464169,0.000000,0.000000,0.000000,0.000000,0.500000,0.021892937,0.022119835
3383,3383,left,0.449006162,-0.039657723,0.958143252,0.754136,-0.148677,-0.977634,0.768652,0.000000,-0.000015775,0.000010321
3383,3383,right,0.438136853,-0.199912655,0.983464169,0.000000,0.000000,0.000000,0.000000,0.500000,0.021892937,0.022119835
3384,3384,left,0.449758790,-0.039806318,0.957155991,0.752628,-0.148595,-0.987261,0.767157,0.000000,-0.000016937,0.000011742
3384,3384,right,0.438136853,-0.199912655,0.983464169,0.000000,0.000000,0.000000,0.000000,0.500000,0.021892937,0.022119835
3385,3385,left,0.450508509,-0.039954318,0.956160106,0.749719,-0.148000,-0.995885,0.764187,0.000000,-0.000018072,0.000013136
3385,3385,right,0.438136853,-0.199912655,0.983464169,0.000000,0.000000,0.000000,0.000000,0.500000,0.021892937,0.022119835
3386,3386,left,0.451253938,-0.040101565,0.955157052,0.745429,-0.147247,-1.003054,0.759833,0.000000,-0.000019179,0.000014499
3386,3386,right,0.438136853,-0.199912655,0.983464169,0.000000,0.000000,0.000000,0.000000,0.500000,0.021892937,0.022119835
3387,3387,left,0.451993509,-0.040247726,0.954148045,0.739571,-0.146161,-1.009007,0.753876,0.000000,-0.000020257,0.000015829
3387,3387,right,0.438136853,-0.199912655,0.983464169,0.000000,0.000000,0.000000,0.000000,0.500000,0.021892937,0.022119835
3388,3388,left,0.452725753,-0.040392316,0.953134426,0.732244,-0.144590,-1.013619,0.746383,0.000000,-0.000021306,0.000017126
3388,3388,right,0.438136853,-0.199912655,0.983464169,0.000000,0.000000,0.000000,0.000000,0.500000,0.021892937,0.022119835
3389,3389,left,0.453449308,-0.040535195,0.952117161,0.723555,-0.142879,-1.017265,0.737527,0.000000,-0.000022322,0.000018386
3389,3389,right,0.438136853,-0.199912655,0.983464169,0.000000,0.000000,0.000000,0.000000,0.500000,0.021892937,0.022119835
3390,3390,left,0.454162718,-0.040676406,0.951097786,0.713410,-0.141211,-1.019376,0.727251,0.000000,-0.000023307,0.000019610
3390,3390,right,0.438136853,-0.199912655,0.983464169,0.000000,0.000000,0.000000,0.000000,0.500000,0.021892937,0.022119835
3391,3391,left,0.454864786,-0.040815262,0.950077656,0.702068,-0.138856,-1.020129,0.715668,0.000000,-0.000024258,0.000020796
3391,3391,right,0.438136853,-0.199912655,0.983464169,0.000000,0.000000,0.000000,0.000000,0.500000,0.021892937,0.022119835
3392,3392,left,0.455553907,-0.040951631,0.949057469,0.689121,-0.136368,-1.020188,0.702484,0.000000,-0.000025177,0.000021943
3392,3392,right,0.438136853,-0.199912655,0.983464169,0.000000,0.000000,0.000000,0.000000,0.500000,0.021892937,0.022119835
3393,3393,left,0.456229207,-0.041085289,0.948039336,0.675300,-0.133658,-1.018132,0.688401,0.000000,-0.000026062,0.000023051
3393,3393,right,0.438136853,-0.199912655,0.983464169,0.000000,0.000000,0.000000,0.000000,0.500000,0.021892937,0.022119835
3394,3394,left,0.456889071,-0.041216195,0.947023818,0.659864,-0.130907,-1.015519,0.672724,0.000000,-0.000026914,0.000024118
3394,3394,right,0.438136853,-0.199912655,0.983464169,0.000000,0.000000,0.000000,0.000000,0.500000,0.021892937,0.022119835
3395,3395,left,0.457532334,-0.041343571,0.946011592,0.643262,-0.127375,-1.012226,0.655752,0.000000,-0.000027734,0.000025146
3395,3395,right,0.438136853,-0.199912655,0.983464169,0.000000,0.000000,0.000000,0.000000,0.500000,0.021892937,0.022119835
3396,3396,left,0.458157810,-0.041467661,0.945004480,0.625476,-0.124090,-1.007112,0.637667,0.000000,-0.000028520,0.000026134
3396,3396,right,0.438136853,-0.199912655,0.983464169,0.000000,0.000000,0.000000,0.000000,0.500000,0.021892937,0.022119835
3397,3397,left,0.458764724,-0.041588332,0.944003685,0.606915,-0.120671,-1.000795,0.618795,0.000000,-0.000029274,0.000027082
3397,3397,right,0.438136853,-0.199912655,0.983464169,0.000000,0.000000,0.000000,0.000000,0.500000,0.021892937,0.022119835
3398,3398,left,0.459351741,-0.041705308,0.943009582,0.587017,-0.116976,-0.994103,0.598559,0.000000,-0.000029996,0.000027990
3398,3398,right,0.438136853,-0.199912655,0.983464169,0.000000,0.000000,0.000000,0.000000,0.500000,0.021892937,0.022119835
3399,3399,left,0.459918224,-0.041817906,0.942023373,0.566482,-0.112598,-0.986210,0.577564,0.000000,-0.000030686,0.000028859
3399,3399,right,0.438136853,-0.199912655,0.983464169,0.000000,0.000000,0.000000,0.000000,0.500000,0.021892937,0.022119835
3400,3400,left,0.460462843,-0.041926526,0.941046119,0.544619,-0.108620,-0.977254,0.555346,0.000000,-0.000031346,0.000029689
3400,3400,right,0.438136853,-0.199912655,0.983464169,0.000000,0.000000,0.000000,0.000000,0.500000,0.021892937,0.022119835
3401,3401,left,0.460985410,-0.042030835,0.940079109,0.522567,-0.104309,-0.967010,0.532876,0.000000,-0.000031977,0.000030481
3401,3401,right,0.438136853,-0.199912655,0.983464169,0.000000,0.000000,0.000000,0.000000,0.500000,0.021892937,0.022119835
3402,3402,left,0.461484366,-0.042130498,0.939122536,0.498956,-0.099663,-0.956573,0.508812,0.000000,-0.000032578,0.000031236
3402,3402,right,0.438136853,-0.199912655,0.983464169,0.000000,0.000000,0.000000,0.000000,0.500000,0.021892937,0.022119835
3403,3403,left,0.461959718,-0.042225612,0.938177039,0.475352,-0.095114,-0.945497,0.484775,0.000000,-0.000033151,0.000031955
3403,3403,right,0.438136853,-0.199912655,0.983464169,0.000000,0.000000,0.000000,0.000000,0.500000,0.021892937,0.022119835
3404,3404,left,0.462410627,-0.042316168,0.937243953,0.450909,-0.090556,-0.933087,0.459913,0.000000,-0.000033697,0.000032637
3404,3404,right,0.438136853,-0.199912655,0.983464169,0.000000,0.000000,0.000000,0.000000,0.500000,0.021892937,0.022119835
3405,3405,left,0.462837002,-0.042401812,0.936323654,0.426374,-0.085644,-0.920298,0.434891,0.000000,-0.000034217,0.000033285
3405,3405,right,0.438136853,-0.199912655,0.983464169,0.000000,0.000000,0.000000,0.000000,0.500000,0.021892937,0.022119835
3406,3406,left,0.463237821,-0.042482381,0.935416382,0.400819,-0.080569,-0.907272,0.408837,0.000000,-0.000034712,0.000033900
3406,3406,right,0.438136853,-0.199912655,0.983464169,0.000000,0.000000,0.000000,0.000000,0.500000,0.021892937,0.022119835
3407,3407,left,0.463613281,-0.042558191,0.934522725,0.375460,-0.075810,-0.893658,0.383037,0.000000,-0.000035182,0.000034481
3407,3407,right,0.438136853,-0.199912655,0.983464169,0.000000,0.000000,0.000000,0.000000,0.500000,0.021892937,0.022119835
3408,3408,left,0.463962960,-0.042628805,0.933643607,0.349679,-0.070614,-0.879117,0.356738,0.000000,-0.000035629,0.000035031
3408,3408,right,0.438136853,-0.199912655,0.983464169,0.000000,0.000000,0.000000,0.000000,0.500000,0.021892937,0.022119835
3409,3409,left,0.464286823,-0.042694563,0.932778629,0.323863,-0.065758,-0.864979,0.330471,0.000000,-0.000036054,0.000035550
3409,3409,right,0.438136853,-0.199912655,0.983464169,0.000000,0.000000,0.000000,0.000000,0.500000,0.021892937,0.022119835
3410,3410,left,0.464585149,-0.042755331,0.931928585,0.298326,-0.060768,-0.850044,0.304452,0.000000,-0.000036457,0.000036040
3410,3410,right,0.438136853,-0.199912655,0.983464169,0.000000,0.000000,0.000000,0.000000,0.500000,0.021892937,0.022119835
3411,3411,left,0.464857868,-0.042811036,0.931093384,0.272719,-0.055705,-0.835201,0.278350,0.000000,-0.000036839,0.000036501
3411,3411,right,0.438136853,-0.199912655,0.983464169,0.000000,0.000000,0.000000,0.000000,0.500000,0.021892937,0.022119835
3412,3412,left,0.465105155,-0.042861720,0.930273096,0.247287,-0.050684,-0.820288,0.252428,0.000000,-0.000037202,0.000036935
3412,3412,right,0.438136853,-0.199912655,0.983464169,0.000000,0.000000,0.000000,0.000000,0.500000,0.021892937,0.022119835
3413,3413,left,0.465327885,-0.042907445,0.929467139,0.222730,-0.045725,-0.805957,0.227375,0.000000,-0.000037546,0.000037343
3413,3413,right,0.438136853,-0.199912655,0.983464169,0.000000,0.000000,0.000000,0.000000,0.500000,0.021892937,0.022119835
3414,3414,left,0.465525987,-0.042948376,0.928676140,0.198103,-0.040931,-0.790999,0.202287,0.000000,-0.000037873,0.000037726
3414,3414,right,0.438136853,-0.199912655,0.983464169,0.000000,0.000000,0.000000,0.000000,0.500000,0.021892937,0.022119835
3415,3415,left,0.465655649,-0.042925825,0.927880489,0.129662,0.022552,-0.795651,0.131609,0.000000,-0.000038204,0.000038106
3415,3415,right,0.438136853,-0.199912655,0.983464169,0.000000,0.000000,0.000000,0.000000,0.500000,0.021892937,0.022119835
3416,3416,left,0.465807288,-0.042958723,0.927119159,0.151639,-0.032899,-0.761330,0.155167,0.000000,-0.000038498,0.000038442
3416,3416,right,0.438136853,-0.199912655,0.983464169,0.000000,0.000000,0.000000,0.000000,0.500000,0.021892937,0.022119835
3417,3417,left,0.465945454,-0.042995720,0.926376294,0.138166,-0.036997,-0.742865,0.143033,0.000000,-0.000038772,0.000038752
3417,3417,right,0.438136853,-0.199912655,0.983464169,0.000000,0.000000,0.000000,0.000000,0.500000,0.021892937,0.022119835
3418,3418,left,0.466063972,-0.043029495,0.925647463,0.118518,-0.033775,-0.728831,0.123237,0.000000,-0.000039031,0.000039042
3418,3418,right,0.438136853,-0.199912655,0.983464169,0.000000,0.000000,0.000000,0.000000,0.500000,0.021892937,0.022119835
3419,3419,left,0.466162866,-0.043059003,0.924930626,0.098893,-0.029508,-0.716837,0.103202,0.000000,-0.000039278,0.000039313
3419,3419,right,0.438136853,-0.199912655,0.983464169,0.000000,0.000000,0.000000,0.000000,0.500000,0.021892937,0.022119835
3420,3420,left,0.466243126,-0.043084218,0.924224524,0.080260,-0.025215,-0.706101,0.084127,0.000000,-0.000039513,0.000039567
3420,3420,right,0.438136853,-0.199912655,0.983464169,0.000000,0.000000,0.000000,0.000000,0.500000,0.021892937,0.022119835
3421,3421,left,0.466306250,-0.043105246,0.923528092,0.063125,-0.021028,-0.696432,0.066535,0.000000,-0.000039737,0.000039807
3421,3421,right,0.438136853,-0.199912655,0.983464169,0.000000,0.000000,0.000000,0.000000,0.500000,0.021892937,0.022119835
3422,3422,left,0.466354038,-0.043122259,0.922840751,0.047787,-0.017013,-0.687341,0.050725,0.000000,-0.000039952,0.000040033
3422,3422,right,0.438136853,-0.199912655,0.983464169,0.000000,0.000000,0.000000,0.000000,0.500000,0.021892937,0.022119835
3423,3423,left,0.466388123,-0.043135482,0.922160771,0.034086,-0.013223,-0.679980,0.036561,0.000000,-0.000040159,0.000040247
3423,3423,right,0.438136853,-0.199912655,0.983464169,0.000000,0.000000,0.000000,0.000000,0.500000,0.021892937,0.022119835
3424,3424,left,0.466410685,-0.043145347,0.921486724,0.022562,-0.009865,-0.674047,0.024625,0.000000,-0.000040359,0.000040452
3424,3424,right,0.438136853,-0.199912655,0.983464169,0.000000,0.000000,0.000000,0.000000,0.500000,0.021892937,0.022119835
3425,3425,left,0.466423798,-0.043152135,0.920817145,0.013113,-0.006788,-0.669579,0.014766,0.000000,-0.000040555,0.000040649
3425,3425,right,0.438136853,-0.199912655,0.983464169,0.000000,0.000000,0.000000,0.000000,0.500000,0.021892937,0.022119835
3426,3426,left,0.466430175,-0.043156184,0.920150527,0.006376,-0.004049,-0.666618,0.007554,0.000000,-0.000040747,0.000040841
3426,3426,right,0.438136853,-0.199912655,0.983464169,0.000000,0.000000,0.000000,0.000000,0.500000,0.021892937,0.022119835
3427,3427,left,0.466431906,-0.043157998,0.919484642,0.001732,-0.001813,-0.665885,0.002507,0.000000,-0.000040937,0.000041031
3427,3427,right,0.438136853,-0.199912655,0.983464169,0.000000,0.000000,0.000000,0.000000,0.500000,0.021892937,0.022119835
3428,3428,left,0.466432019,-0.043158145,0.918814438,0.000113,-0.000148,-0.670204,0.000186,0.000000,-0.000041128,0.000041222
3428,3428,right,0.438136853,-0.199912655,0.983464169,0.000000,0.000000,0.000000,0.000000,0.500000,0.021892937,0.022119835
3429,3429,left,0.466432281,-0.043158340,0.918122457,0.000262,-0.000194,-0.691982,0.000326,0.000000,-0.000041325,0.000041419
3429,3429,right,0.438136853,-0.199912655,0.983464169,0.000000,0.000000,0.000000,0.000000,0.500000,0.021892937,0.022119835
3430,3430,left,0.466433377,-0.043159465,0.917389204,0.001096,-0.001125,-0.733252,0.001570,0.000000,-0.000041532,0.000041626
3430,3430,right,0.438136853,-0.199912655,0.983464169,0.000000,0.000000,0.000000,0.000000,0.500000,0.021892937,0.022119835
3431,3431,left,0.466434984,-0.043160990,0.916599193,0.001607,-0.001525,-0.790011,0.002215,0.000000,-0.000041755,0.000041848
3431,3431,right,0.438136853,-0.199912655,0.983464169,0.000000,0.000000,0.000000,0.000000,0.500000,0.021892937,0.022119835
3432,3432,left,0.466437049,-0.043162993,0.915738152,0.002065,-0.002003,-0.861042,0.002877,0.000000,-0.000041997,0.000042090
3432,3432,right,0.438136853,-0.199912655,0.983464169,0.000000,0.000000,0.000000,0.000000,0.500000,0.021892937,0.022119835
3433,3433,left,0.466439351,-0.043165304,0.914795321,0.002302,-0.002311,-0.942830,0.003262,0.000000,-0.000042261,0.000042353
3433,3433,right,0.438136853,-0.199912655,0.983464169,0.000000,0.000000,0.000000,0.000000,0.500000,0.021892937,0.022119835
3434,3434,left,0.466442152,-0.043167832,0.913763088,0.002801,-0.002528,-1.032233,0.003774,0.000000,-0.000042548,0.000042640
3434,3434,right,0.438136853,-0.199912655,0.983464169,0.000000,0.000000,0.000000,0.000000,0.500000,0.021892937,0.022119835
3435,3435,left,0.466444701,-0.043170360,0.912635704,0.002548,-0.002528,-1.127384,0.003589,0.000000,-0.000042861,0.000042952
3435,3435,right,0.438136853,-0.199912655,0.983464169,0.000000,0.000000,0.000000,0.000000,0.500000,0.021892937,0.022119835
3436,3436,left,0.466447355,-0.043172934,0.911410006,0.002655,-0.002574,-1.225699,0.003698,0.000000,-0.000043200,0.000043290
3436,3436,right,0.438136853,-0.199912655,0.983464169,0.000000,0.000000,0.000000,0.000000,0.500000,0.021892937,0.022119835
3437,3437,left,0.466449851,-0.043175411,0.910084880,0.002496,-0.002477,-1.325126,0.003516,0.000000,-0.000043563,0.000043653
3437,3437,right,0.438136853,-0.199912655,0.983464169,0.000000,0.000000,0.000000,0.000000,0.500000,0.021892937,0.022119835
3438,3438,left,0.466409389,-0.043135238,0.908597727,-0.040462,0.040173,-1.487153,0.057018,0.000000,-0.000043983,0.000044072
3438,3438,right,0.438136853,-0.199912655,0.983464169,0.000000,0.000000,0.000000,0.000000,0.500000,0.021892937,0.022119835
3439,3439,left,0.466445608,-0.043171340,0.907135907,0.036218,-0.036102,-1.461820,0.051138,0.000000,-0.000044369,0.000044456
3439,3439,right,0.438136853,-0.199912655,0.983464169,0.000000,0.000000,0.000000,0.000000,0.500000,0.021892937,0.022119835
3440,3440,left,0.466408713,-0.043134469,0.905460804,-0.036894,0.036871,-1.675104,0.052160,0.000000,-0.000044833,0.000044919
3440,3440,right,0.438136853,-0.199912655,0.983464169,0.000000,0.000000,0.000000,0.000000,0.500000,0.021892937,0.022119835
3441,3441,left,0.466406833,-0.043132637,0.903762065,-0.001881,0.001832,-1.698739,0.002626,0.000000,-0.000045289,0.000045374
3441,3441,right,0.438136853,-0.199912655,0.983464169,0.000000,0.000000,0.000000,0.000000,0.500000,0.021892937,0.022119835
3442,3442,left,0.466406139,-0.043131951,0.901986715,-0.000694,0.000686,-1.775350,0.000976,0.000000,-0.000045761,0.000045845
3442,3442,right,0.438136853,-0.199912655,0.983464169,0.000000,0.000000,0.000000,0.000000,0.500000,0.021892937,0.022119835
3443,3443,left,0.466405548,-0.043131435,0.900143650,-0.000591,0.000516,-1.843064,0.000785,0.000000,-0.000046247,0.000046331
3443,3443,right,0.438136853,-0.199912655,0.983464169,0.000000,0.000000,0.000000,0.000000,0.500000,0.021892937,0.022119835
3444,3444,left,0.466404870,-0.043130418,0.898242649,-0.000678,0.001017,-1.901001,0.001222,0.000000,-0.000046744,0.000046827
3444,3444,right,0.438136853,-0.199912655,0.983464169,0.000000,0.000000,0.000000,0.000000,0.500000,0.021892937,0.022119835
3445,3445,left,0.466403967,-0.043129539,0.896294302,-0.000903,0.000879,-1.948348,0.001260,0.000000,-0.000047250,0.000047331
3445,3445,right,0.438136853,-0.199912655,0.983464169,0.000000,0.000000,0.000000,0.000000,0.500000,0.021892937,0.022119835
3446,3446,left,0.466403054,-0.043128644,0.894310460,-0.000913,0.000894,-1.983842,0.001278,0.000000,-0.000047760,0.000047840
3446,3446,right,0.438136853,-0.199912655,0.983464169,0.000000,0.000000,0.000000,0.000000,0.500000,0.021892937,0.022119835
3447,3447,left,0.466401905,-0.043127485,0.892303109,-0.001149,0.001159,-2.007351,0.001632,0.000000,-0.000048271,0.000048350
3447,3447,right,0.438136853,-0.199912655,0.983464169,0.000000,0.000000,0.000000,0.000000,0.500000,0.021892937,0.022119835
3448,3448,left,0.466400839,-0.043126420,0.890285772,-0.001066,0.001065,-2.017337,0.001506,0.000000,-0.000048781,0.000048859
3448,3448,right,0.438136853,-0.199912655,0.983464169,0.000000,0.000000,0.000000,0.000000,0.500000,0.021892937,0.022119835
3449,3449,left,0.466399887,-0.043125231,0.888270558,-0.000952,0.001190,-2.015214,0.001524,0.000000,-0.000049285,0.000049362
3449,3449,right,0.438136853,-0.199912655,0.983464169,0.000000,0.000000,0.000000,0.000000,0.500000,0.021892937,0.022119835
3450,3450,left,0.466398587,-0.043124131,0.886270862,-0.001300,0.001100,-1.999696,0.001702,0.000000,-0.000049780,0.000049856
3450,3450,right,0.438136853,-0.199912655,0.983464169,0.000000,0.000000,0.000000,0.000000,0.500000,0.021892937,0.022119835
3451,3451,left,0.466397576,-0.043122952,0.884300232,-0.001011,0.001179,-1.970629,0.001554,0.000000,-0.000050264,0.000050339
3451,3451,right,0.438136853,-0.199912655,0.983464169,0.000000,0.000000,0.000000,0.000000,0.500000,0.021892937,0.022119835
3452,3452,left,0.466396552,-0.043121775,0.882370883,-0.001024,0.001177,-1.929349,0.001560,0.000000,-0.000050734,0.000050807
3452,3452,right,0.438136853,-0.199912655,0.983464169,0.000000,0.000000,0.000000,0.000000,0.500000,0.021892937,0.022119835
3453,3453,left,0.466431576,-0.043156542,0.880565342,0.035024,-0.034768,-1.805541,0.049350,0.000000,-0.000051158,0.000051231
3453,3453,right,0.438136853,-0.199912655,0.983464169,0.000000,0.000000,0.000000,0.000000,0.500000,0.021892937,0.022119835
3454,3454,left,0.466395266,-0.043120645,0.878688666,-0.036310,0.035897,-1.876677,0.051058,0.000000,-0.000051617,0.000051689
3454,3454,right,0.438136853,-0.199912655,0.983464169,0.000000,0.000000,0.000000,0.000000,0.500000,0.021892937,0.022119835
3455,3455,left,0.466425646,-0.043150625,0.877021120,0.030380,-0.029980,-1.667546,0.042682,0.000000,-0.000052003,0.000052074
3455,3455,right,0.438136853,-0.199912655,0.983464169,0.000000,0.000000,0.000000,0.000000,0.500000,0.021892937,0.022119835
3456,3456,left,0.466428516,-0.043153479,0.875381037,0.002870,-0.002854,-1.640082,0.004047,0.000000,-0.000052388,0.000052458
3456,3456,right,0.438136853,-0.199912655,0.983464169,0.000000,0.000000,0.000000,0.000000,0.500000,0.021892937,0.022119835
3457,3457,left,0.466425970,-0.043150707,0.873835159,-0.002546,0.002771,-1.545878,0.003763,0.000000,-0.000052749,0.000052819
3457,3457,right,0.438136853,-0.199912655,0.983464169,0.000000,0.000000,0.000000,0.000000,0.500000,0.021892937,0.022119835
3458,3458,left,0.466422123,-0.043146983,0.872395741,-0.003847,0.003725,-1.439418,0.005354,0.000000,-0.000053084,0.000053152
3458,3458,right,0.438136853,-0.199912655,0.983464169,0.000000,0.000000,0.000000,0.000000,0.500000,0.021892937,0.022119835
3459,3459,left,0.466418379,-0.043143127,0.871070667,-0.003744,0.003855,-1.325074,0.005374,0.000000,-0.000053389,0.000053457
3459,3459,right,0.438136853,-0.199912655,0.983464169,0.000000,0.000000,0.000000,0.000000,0.500000,0.021892937,0.022119835
3460,3460,left,0.466414604,-0.043139310,0.869866818,-0.003776,0.003817,-1.203849,0.005369,0.000000,-0.000053665,0.000053732
3460,3460,right,0.438136853,-0.199912655,0.983464169,0.000000,0.000000,0.000000,0.000000,0.500000,0.021892937,0.022119835
3461,3461,left,0.466410696,-0.043135431,0.868788141,-0.003908,0.003879,-1.078677,0.005506,0.000000,-0.000053912,0.000053978
3461,3461,right,0.438136853,-0.199912655,0.983464169,0.000000,0.000000,0.000000,0.000000,0.500000,0.021892937,0.022119835
3462,3462,left,0.466406881,-0.043131737,0.867837349,-0.003815,0.003694,-0.950792,0.005311,0.000000,-0.000054128,0.000054194
3462,3462,right,0.438136853,-0.199912655,0.983464169,0.000000,0.000000,0.000000,0.000000,0.500000,0.021892937,0.022119835
3463,3463,left,0.466403013,-0.043128143,0.867015776,-0.003868,0.003594,-0.821573,0.005280,0.000000,-0.000054314,0.000054379
3463,3463,right,0.438136853,-0.199912655,0.983464169,0.000000,0.000000,0.000000,0.000000,0.500000,0.021892937,0.022119835
3464,3464,left,0.466399581,-0.043124304,0.866322265,-0.003432,0.003839,-0.693511,0.005149,0.000000,-0.000054470,0.000054535
3464,3464,right,0.438136853,-0.199912655,0.983464169,0.000000,0.000000,0.000000,0.000000,0.500000,0.021892937,0.022119835
3465,3465,left,0.466396223,-0.043121013,0.865753175,-0.003358,0.003291,-0.569090,0.004702,0.000000,-0.000054598,0.000054663
3465,3465,right,0.438136853,-0.199912655,0.983464169,0.000000,0.000000,0.000000,0.000000,0.500000,0.021892937,0.022119835
3466,3466,left,0.466392916,-0.043117985,0.865303087,-0.003307,0.003028,-0.450088,0.004484,0.000000,-0.000054699,0.000054764
3466,3466,right,0.438136853,-0.199912655,0.983464169,0.000000,0.000000,0.000000,0.000000,0.500000,0.021892937,0.022119835
3467,3467,left,0.466389879,-0.043115009,0.864963939,-0.003037,0.002976,-0.339148,0.004252,0.000000,-0.000054776,0.000054840
3467,3467,right,0.438136853,-0.199912655,0.983464169,0.000000,0.000000,0.000000,0.000000,0.500000,0.021892937,0.022119835
3468,3468,left,0.466387218,-0.043112355,0.864724958,-0.002661,0.002654,-0.238981,0.003758,0.000000,-0.000054829,0.000054894
3468,3468,right,0.438136853,-0.199912655,0.983464169,0.000000,0.000000,0.000000,0.000000,0.500000,0.021892937,0.022119835
3469,3469,left,0.466385041,-0.043110170,0.864571899,-0.002177,0.002185,-0.153060,0.003085,0.000000,-0.000054864,0.000054928
3469,3469,right,0.438136853,-0.199912655,0.983464169,0.000000,0.000000,0.000000,0.000000,0.500000,0.021892937,0.022119835
3470,3470,left,0.466385041,-0.043110170,0.864571899,0.000000,0.000000,0.000000,0.000000,0.000000,-0.000054864,0.000054928
3470,3470,right,0.438136853,-0.199912655,0.983464169,0.000000,0.000000,0.000000,0.000000,0.500000,0.021892937,0.022119835
3471,3471,left,0.466383832,-0.043108711,0.864459149,-0.001209,0.001459,-0.112750,0.001895,0.000000,-0.000054889,0.000054953
3471,3471,right,0.438136853,-0.199912655,0.983464169,0.000000,0.000000,0.000000,0.000000,0.500000,0.021892937,0.022119835
3472,3472,left,0.466383832,-0.043108711,0.864459149,0.000000,0.000000,0.000000,0.000000,0.000000,-0.000054889,0.000054953
3472,3472,right,0.438136853,-0.199912655,0.983464169,0.000000,0.000000,0.000000,0.000000,0.500000,0.021892937,0.022119835
3473,3473,left,0.466383832,-0.043108711,0.864459149,0.000000,0.000000,0.000000,0.000000,0.000000,-0.000054889,0.000054953
3473,3473,right,0.438136853,-0.199912655,0.983464169,0.000000,0.000000,0.000000,0.000000,0.500000,0.021892937,0.022119835
3474,3474,left,0.466383832,-0.043108711,0.864459149,0.000000,0.000000,0.000000,0.000000,0.000000,-0.000054889,0.000054953
3474,3474,right,0.438136853,-0.199912655,0.983464169,0.000000,0.000000,0.000000,0.000000,0.500000,0.021892937,0.022119835
3475,3475,left,0.466383832,-0.043108711,0.864459149,0.000000,0.000000,0.000000,0.000000,0.000000,-0.000054889,0.000054953
3475,3475,right,0.438136853,-0.199912655,0.983464169,0.000000,0.000000,0.000000,0.000000,0.500000,0.021892937,0.022119835
3476,3476,left,0.466383832,-0.043108711,0.864459149,0.000000,0.000000,0.000000,0.000000,0.000000,-0.000054889,0.000054953
3476,3476,right,0.438136853,-0.199912655,0.983464169,0.000000,0.000000,0.000000,0.000000,0.500000,0.021892937,0.022119835
3477,3477,left,0.466375543,-0.043211247,0.864448336,-0.008289,-0.102536,-0.010813,0.102871,0.000000,-0.000054890,0.000054954
3477,3477,right,0.438136853,-0.199912655,0.983464169,0.000000,0.000000,0.000000,0.000000,0.500000,0.021892937,0.022119835
3478,3478,left,0.466375543,-0.043211247,0.864448336,0.000000,0.000000,0.000000,0.000000,0.000000,-0.000054890,0.000054954
3478,3478,right,0.438136853,-0.199912655,0.983464169,0.000000,0.000000,0.000000,0.000000,0.500000,0.021892937,0.022119835
3479,3479,left,0.466370367,-0.043391337,0.864445611,-0.005176,-0.180090,-0.002725,0.180164,0.000000,-0.000054884,0.000054948
3479,3479,right,0.438136853,-0.199912655,0.983464169,0.000000,0.000000,0.000000,0.000000,0.500000,0.021892937,0.022119835
3480,3480,left,0.466372003,-0.043534655,0.864446092,0.001635,-0.143318,0.000481,0.143327,0.000000,-0.000054878,0.000054942
3480,3480,right,0.438136853,-0.199912655,0.983464169,0.000000,0.000000,0.000000,0.000000,0.500000,0.021892937,0.022119835
3481,3481,left,0.466370554,-0.043708457,0.864445281,-0.001449,-0.173803,-0.000811,0.173809,0.000000,-0.000054872,0.000054936
3481,3481,right,0.438136853,-0.199912655,0.983464169,0.000000,0.000000,0.000000,0.000000,0.500000,0.021892937,0.022119835
3482,3482,left,0.466368363,-0.043919598,0.864444455,-0.002191,-0.211141,-0.000826,0.211152,0.000000,-0.000054864,0.000054928
3482,3482,right,0.438136853,-0.199912655,0.983464169,0.000000,0.000000,0.000000,0.000000,0.500000,0.021892937,0.022119835
3483,3483,left,0.466366074,-0.044171952,0.864443653,-0.002289,-0.252354,-0.000802,0.252365,0.000000,-0.000054854,0.000054919
3483,3483,right,0.438136853,-0.199912655,0.983464169,0.000000,0.000000,0.000000,0.000000,0.500000,0.021892937,0.022119835
3484,3484,left,0.466363399,-0.044466892,0.864441998,-0.002675,-0.294939,-0.001655,0.294952,0.000000,-0.000054843,0.000054908
3484,3484,right,0.438136853,-0.199912655,0.983464169,0.000000,0.000000,0.000000,0.000000,0.500000,0.021892937,0.022119835
3485,3485,left,0.466360716,-0.044807147,0.864440812,-0.002683,-0.340255,-0.001186,0.340265,0.000000,-0.000054830,0.000054895
3485,3485,right,0.438136853,-0.199912655,0.983464169,0.000000,0.000000,0.000000,0.000000,0.500000,0.021892937,0.022119835
3486,3486,left,0.466357729,-0.045194130,0.864439179,-0.002987,-0.386983,-0.001633,0.386995,0.000000,-0.000054815,0.000054880
3486,3486,right,0.438136853,-0.199912655,0.983464169,0.000000,0.000000,0.000000,0.000000,0.500000,0.021892937,0.022119835
3487,3487,left,0.466354911,-0.045629371,0.864437765,-0.002818,-0.435241,-0.001415,0.435250,0.000000,-0.000054798,0.000054863
3487,3487,right,0.438136853,-0.199912655,0.983464169,0.000000,0.000000,0.000000,0.000000,0.500000,0.021892937,0.022119835
3488,3488,left,0.466352151,-0.046114043,0.864436256,-0.002760,-0.484671,-0.001508,0.484679,0.000000,-0.000054778,0.000054843
3488,3488,right,0.438136853,-0.199912655,0.983464169,0.000000,0.000000,0.000000,0.000000,0.500000,0.021892937,0.022119835
3489,3489,left,0.466349031,-0.046648944,0.864434262,-0.003119,-0.534901,-0.001995,0.534910,0.000000,-0.000054756,0.000054821
3489,3489,right,0.438136853,-0.199912655,0.983464169,0.000000,0.000000,0.000000,0.000000,0.500000,0.021892937,0.022119835
3490,3490,left,0.466345714,-0.047234516,0.864432724,-0.003318,-0.585572,-0.001538,0.585581,0.000000,-0.000054731,0.000054796
3490,3490,right,0.438136853,-0.199912655,0.983464169,0.000000,0.000000,0.000000,0.000000,0.500000,0.021892937,0.022119835
3491,3491,left,0.466342644,-0.047871472,0.864430984,-0.003069,-0.636956,-0.001739,0.636963,0.000000,-0.000054703,0.000054769
3491,3491,right,0.438136853,-0.199912655,0.983464169,0.000000,0.000000,0.000000,0.000000,0.500000,0.021892937,0.022119835
3492,3492,left,0.466339228,-0.048559640,0.864429096,-0.003417,-0.688169,-0.001888,0.688177,0.000000,-0.000054673,0.000054739
3492,3492,right,0.438136853,-0.199912655,0.983464169,0.000000,0.000000,0.000000,0.000000,0.500000,0.021892937,0.022119835
3493,3493,left,0.466336062,-0.049299296,0.864427124,-0.003166,-0.739656,-0.001972,0.739662,0.000000,-0.000054640,0.000054706
3493,3493,right,0.438136853,-0.199912655,0.983464169,0.000000,0.000000,0.000000,0.000000,0.500000,0.021892937,0.022119835
3494,3494,left,0.466332809,-0.050089903,0.864425244,-0.003253,-0.790607,-0.001880,0.790613,0.000000,-0.000054604,0.000054670
3494,3494,right,0.438136853,-0.199912655,0.983464169,0.000000,0.000000,0.000000,0.000000,0.500000,0.021892937,0.022119835
3495,3495,left,0.466329413,-0.050930757,0.864423255,-0.003396,-0.840855,-0.001989,0.840862,0.000000,-0.000054564,0.000054630
3495,3495,right,0.438136853,-0.199912655,0.983464169,0.000000,0.000000,0.000000,0.000000,0.500000,0.021892937,0.022119835
3496,3496,left,0.466375477,-0.051894289,0.864440881,0.046064,-0.963531,0.017626,0.964632,0.000000,-0.000054502,0.000054569
3496,3496,right,0.438136853,-0.199912655,0.983464169,0.000000,0.000000,0.000000,0.000000,0.500000,0.021892937,0.022119835
3497,3497,left,0.466331989,-0.052770747,0.864423189,-0.043488,-0.876459,-0.017693,0.877537,0.000000,-0.000054471,0.000054538
3497,3497,right,0.438136853,-0.199912655,0.983464169,0.000000,0.000000,0.000000,0.000000,0.500000,0.021892937,0.022119835
3498,3498,left,0.466375436,-0.053829841,0.864439411,0.043447,-1.059094,0.016223,1.059984,0.000000,-0.000054402,0.000054470
3498,3498,right,0.438136853,-0.199912655,0.983464169,0.000000,0.000000,0.000000,0.000000,0.500000,0.021892937,0.022119835
3499,3499,left,0.466376653,-0.054869401,0.864439066,0.001217,-1.039561,-0.000345,1.039561,0.000000,-0.000054347,0.000054415
3499,3499,right,0.438136853,-0.199912655,0.983464169,0.000000,0.000000,0.000000,0.000000,0.500000,0.021892937,0.022119835
3500,3500,left,0.466376710,-0.055952455,0.864438155,0.000057,-1.083054,-0.000912,1.083054,0.000000,-0.000054288,0.000054356
3500,3500,right,0.438136853,-0.199912655,0.983464169,0.000000,0.000000,0.000000,0.000000,0.500000,0.021892937,0.022119835
3501,3501,left,0.466376882,-0.057078834,0.864437495,0.000171,-1.126378,-0.000660,1.126378,0.000000,-0.000054224,0.000054293
3501,3501,right,0.438136853,-0.199912655,0.983464169,0.000000,0.000000,0.000000,0.000000,0.500000,0.021892937,0.022119835
3502,3502,left,0.466377059,-0.058246592,0.864436689,0.000177,-1.167759,-0.000806,1.167759,0.000000,-0.000054157,0.000054227
3502,3502,right,0.438136853,-0.199912655,0.983464169,0.000000,0.000000,0.000000,0.000000,0.500000,0.021892937,0.022119835
3503,3503,left,0.466377148,-0.059453892,0.864435669,0.000090,-1.207300,-0.001020,1.207300,0.000000,-0.000054086,0.000054156
3503,3503,right,0.438136853,-0.199912655,0.983464169,0.000000,0.000000,0.000000,0.000000,0.500000,0.021892937,0.022119835
3504,3504,left,0.466377235,-0.060698770,0.864434876,0.000087,-1.244878,-0.000793,1.244878,0.000000,-0.000054011,0.000054081
3504,3504,right,0.438136853,-0.199912655,0.983464169,0.000000,0.000000,0.000000,0.000000,0.500000,0.021892937,0.022119835
3505,3505,left,0.466377297,-0.061979096,0.864433949,0.000062,-1.280326,-0.000927,1.280326,0.000000,-0.000053932,0.000054003
3505,3505,right,0.438136853,-0.199912655,0.983464169,0.000000,0.000000,0.000000,0.000000,0.500000,0.021892937,0.022119835
3506,3506,left,0.466377498,-0.063292571,0.864432933,0.000201,-1.313475,-0.001016,1.313475,0.000000,-0.000053849,0.000053920
3506,3506,right,0.438136853,-0.199912655,0.983464169,0.000000,0.000000,0.000000,0.000000,0.500000,0.021892937,0.022119835
3507,3507,left,0.466377679,-0.064636568,0.864431768,0.000181,-1.343997,-0.001165,1.343997,0.000000,-0.000053761,0.000053833
3507,3507,right,0.438136853,-0.199912655,0.983464169,0.000000,0.000000,0.000000,0.000000,0.500000,0.021892937,0.022119835
3508,3508,left,0.466377866,-0.066009192,0.864430761,0.000187,-1.372624,-0.001007,1.372624,0.000000,-0.000053670,0.000053742
3508,3508,right,0.438136853,-0.199912655,0.983464169,0.000000,0.000000,0.000000,0.000000,0.500000,0.021892937,0.022119835
3509,3509,left,0.466378043,-0.067407385,0.864429717,0.000177,-1.398193,-0.001044,1.398193,0.000000,-0.000053574,0.000053646
3509,3509,right,0.438136853,-0.199912655,0.983464169,0.000000,0.000000,0.000000,0.000000,0.500000,0.021892937,0.022119835
3510,3510,left,0.466378414,-0.068828572,0.864428576,0.000370,-1.421186,-0.001141,1.421186,0.000000,-0.000053474,0.000053547
3510,3510,right,0.438136853,-0.199912655,0.983464169,0.000000,0.000000,0.000000,0.000000,0.500000,0.021892937,0.022119835
3511,3511,left,0.466378642,-0.070270008,0.864427668,0.000228,-1.441436,-0.000908,1.441436,0.000000,-0.000053371,0.000053444
3511,3511,right,0.438136853,-0.199912655,0.983464169,0.000000,0.000000,0.000000,0.000000,0.500000,0.021892937,0.022119835
3512,3512,left,0.466378695,-0.071728915,0.864426521,0.000053,-1.458907,-0.001147,1.458907,0.000000,-0.000053264,0.000053337
3512,3512,right,0.438136853,-0.199912655,0.983464169,0.000000,0.000000,0.000000,0.000000,0.500000,0.021892937,0.022119835
3513,3513,left,0.466379009,-0.073202678,0.864425616,0.000314,-1.473763,-0.000905,1.473763,0.000000,-0.000053152,0.000053226
3513,3513,right,0.438136853,-0.199912655,0.983464169,0.000000,0.000000,0.000000,0.000000,0.500000,0.021892937,0.022119835
3514,3514,left,0.466379182,-0.074688035,0.864424468,0.000173,-1.485357,-0.001147,1.485357,0.000000,-0.000053038,0.000053112
3514,3514,right,0.438136853,-0.199912655,0.983464169,0.000000,0.000000,0.000000,0.000000,0.500000,0.021892937,0.022119835
3515,3515,left,0.466379462,-0.076182362,0.864423579,0.000280,-1.494327,-0.000890,1.494327,0.000000,-0.000052920,0.000052994
3515,3515,right,0.438136853,-0.199912655,0.983464169,0.000000,0.000000,0.000000,0.000000,0.500000,0.021892937,0.022119835
3516,3516,left,0.466379889,-0.077682853,0.864422903,0.000428,-1.500491,-0.000676,1.500491,0.000000,-0.000052798,0.000052874
3516,3516,right,0.438136853,-0.199912655,0.983464169,0.000000,0.000000,0.000000,0.000000,0.500000,0.021892937,0.022119835
3517,3517,left,0.466380208,-0.079186142,0.864421744,0.000319,-1.503289,-0.001159,1.503289,0.000000,-0.000052674,0.000052750
3517,3517,right,0.438136853,-0.199912655,0.983464169,0.000000,0.000000,0.000000,0.000000,0.500000,0.021892937,0.022119835
3518,3518,left,0.466380641,-0.080689494,0.864420852,0.000433,-1.503351,-0.000892,1.503352,0.000000,-0.000052547,0.000052623
3518,3518,right,0.438136853,-0.199912655,0.983464169,0.000000,0.000000,0.000000,0.000000,0.500000,0.021892937,0.022119835
3519,3519,left,0.466380903,-0.082189989,0.864419823,0.000262,-1.500495,-0.001029,1.500495,0.000000,-0.000052418,0.000052494
3519,3519,right,0.438136853,-0.199912655,0.983464169,0.000000,0.000000,0.000000,0.000000,0.500000,0.021892937,0.022119835
3520,3520,left,0.466381254,-0.083684401,0.864418675,0.000351,-1.494412,-0.001148,1.494412,0.000000,-0.000052286,0.000052363
3520,3520,right,0.438136853,-0.199912655,0.983464169,0.000000,0.000000,0.000000,0.000000,0.500000,0.021892937,0.022119835
3521,3521,left,0.466382041,-0.085170077,0.864417772,0.000787,-1.485676,-0.000904,1.485676,0.000000,-0.000052152,0.000052230
3521,3521,right,0.438136853,-0.199912655,0.983464169,0.000000,0.000000,0.000000,0.000000,0.500000,0.021892937,0.022119835
3522,3522,left,0.466382414,-0.086644033,0.864416880,0.000373,-1.473956,-0.000892,1.473956,0.000000,-0.000052017,0.000052095
3522,3522,right,0.438136853,-0.199912655,0.983464169,0.000000,0.000000,0.000000,0.000000,0.500000,0.021892937,0.022119835
3523,3523,left,0.466383000,-0.088103448,0.864416210,0.000587,-1.459415,-0.000670,1.459415,0.000000,-0.000051880,0.000051959
3523,3523,right,0.438136853,-0.199912655,0.983464169,0.000000,0.000000,0.000000,0.000000,0.500000,0.021892937,0.022119835
3524,3524,left,0.466383443,-0.089545327,0.864415288,0.000442,-1.441879,-0.000923,1.441879,0.000000,-0.000051743,0.000051822
3524,3524,right,0.438136853,-0.199912655,0.983464169,0.000000,0.000000,0.000000,0.000000,0.500000,0.021892937,0.022119835
3525,3525,left,0.466384066,-0.090966902,0.864414137,0.000623,-1.421575,-0.001150,1.421575,0.000000,-0.000051605,0.000051685
3525,3525,right,0.438136853,-0.199912655,0.983464169,0.000000,0.000000,0.000000,0.000000,0.500000,0.021892937,0.022119835
3526,3526,left,0.466384602,-0.092365433,0.864413594,0.000536,-1.398532,-0.000543,1.398532,0.000000,-0.000051467,0.000051547
3526,3526,right,0.438136853,-0.199912655,0.983464169,0.000000,0.000000,0.000000,0.000000,0.500000,0.021892937,0.022119835
3527,3527,left,0.466385405,-0.093738602,0.864412667,0.000803,-1.373169,-0.000926,1.373169,0.000000,-0.000051329,0.000051409
3527,3527,right,0.438136853,-0.199912655,0.983464169,0.000000,0.000000,0.000000,0.000000,0.500000,0.021892937,0.022119835
3528,3528,left,0.466386065,-0.095083495,0.864411870,0.000660,-1.344893,-0.000797,1.344893,0.000000,-0.000051191,0.000051272
3528,3528,right,0.438136853,-0.199912655,0.983464169,0.000000,0.000000,0.000000,0.000000,0.500000,0.021892937,0.022119835
3529,3529,left,0.466386786,-0.096397711,0.864411192,0.000721,-1.314216,-0.000678,1.314216,0.000000,-0.000051055,0.000051136
3529,3529,right,0.438136853,-0.199912655,0.983464169,0.000000,0.000000,0.000000,0.000000,0.500000,0.021892937,0.022119835
3530,3530,left,0.466387620,-0.097678984,0.864410409,0.000834,-1.281273,-0.000783,1.281274,0.000000,-0.000050920,0.000051001
3530,3530,right,0.438136853,-0.199912655,0.983464169,0.000000,0.000000,0.000000,0.000000,0.500000,0.021892937,0.022119835
3531,3531,left,0.466388518,-0.098925045,0.864410302,0.000898,-1.246060,-0.000107,1.246061,0.000000,-0.000050786,0.000050868
3531,3531,right,0.438136853,-0.199912655,0.983464169,0.000000,0.000000,0.000000,0.000000,0.500000,0.021892937,0.022119835
3532,3532,left,0.466389448,-0.100133383,0.864409634,0.000930,-1.208338,-0.000668,1.208338,0.000000,-0.000050655,0.000050737
3532,3532,right,0.438136853,-0.199912655,0.983464169,0.000000,0.000000,0.000000,0.000000,0.500000,0.021892937,0.022119835
3533,3533,left,0.466390411,-0.101302425,0.864409178,0.000963,-1.169043,-0.000456,1.169043,0.000000,-0.000050526,0.000050609
3533,3533,right,0.438136853,-0.199912655,0.983464169,0.000000,0.000000,0.000000,0.000000,0.500000,0.021892937,0.022119835
3534,3534,left,0.466391607,-0.102430074,0.864408751,0.001196,-1.127648,-0.000428,1.127649,0.000000,-0.000050400,0.000050483
3534,3534,right,0.438136853,-0.199912655,0.983464169,0.000000,0.000000,0.000000,0.000000,0.500000,0.021892937,0.022119835
3535,3535,left,0.466392573,-0.103514525,0.864408425,0.000966,-1.084451,-0.000326,1.084452,0.000000,-0.000050278,0.000050361
3535,3535,right,0.438136853,-0.199912655,0.983464169,0.000000,0.000000,0.000000,0.000000,0.500000,0.021892937,0.022119835
3536,3536,left,0.466393951,-0.104554055,0.864408232,0.001377,-1.039530,-0.000192,1.039531,0.000000,-0.000050159,0.000050242
3536,3536,right,0.438136853,-0.199912655,0.983464169,0.000000,0.000000,0.000000,0.000000,0.500000,0.021892937,0.022119835
3537,3537,left,0.466395030,-0.105547259,0.864407986,0.001079,-0.993204,-0.000247,0.993204,0.000000,-0.000050044,0.000050127
3537,3537,right,0.438136853,-0.199912655,0.983464169,0.000000,0.000000,0.000000,0.000000,0.500000,0.021892937,0.022119835
3538,3538,left,0.466396244,-0.106492857,0.864407786,0.001214,-0.945597,-0.000200,0.945598,0.000000,-0.000049933,0.000050017
3538,3538,right,0.438136853,-0.199912655,0.983464169,0.000000,0.000000,0.000000,0.000000,0.500000,0.021892937,0.022119835
3539,3539,left,0.466397488,-0.107389958,0.864407823,0.001244,-0.897101,0.000037,0.897102,0.000000,-0.000049827,0.000049911
3539,3539,right,0.438136853,-0.199912655,0.983464169,0.000000,0.000000,0.000000,0.000000,0.500000,0.021892937,0.022119835
3540,3540,left,0.466398661,-0.108237238,0.864407694,0.001173,-0.847280,-0.000129,0.847281,0.000000,-0.000049726,0.000049810
3540,3540,right,0.438136853,-0.199912655,0.983464169,0.000000,0.000000,0.000000,0.000000,0.500000,0.021892937,0.022119835
3541,3541,left,0.466400201,-0.109034318,0.864407625,0.001540,-0.797081,-0.000069,0.797082,0.000000,-0.000049629,0.000049714
3541,3541,right,0.438136853,-0.199912655,0.983464169,0.000000,0.000000,0.000000,0.000000,0.500000,0.021892937,0.022119835
3542,3542,left,0.466401609,-0.109780409,0.864407497,0.001408,-0.746091,-0.000128,0.746092,0.000000,-0.000049539,0.000049624
3542,3542,right,0.438136853,-0.199912655,0.983464169,0.000000,0.000000,0.000000,0.000000,0.500000,0.021892937,0.022119835
3543,3543,left,0.466403130,-0.110475146,0.864407899,0.001522,-0.694737,0.000402,0.694739,0.000000,-0.000049453,0.000049538
3543,3543,right,0.438136853,-0.199912655,0.983464169,0.000000,0.000000,0.000000,0.000000,0.500000,0.021892937,0.022119835
3544,3544,left,0.466404548,-0.111118518,0.864407645,0.001418,-0.643371,-0.000254,0.643373,0.000000,-0.000049374,0.000049459
3544,3544,right,0.438136853,-0.199912655,0.983464169,0.000000,0.000000,0.000000,0.000000,0.500000,0.021892937,0.022119835
3545,3545,left,0.466406167,-0.111710600,0.864407804,0.001619,-0.592083,0.000159,0.592085,0.000000,-0.000049300,0.000049385
3545,3545,right,0.438136853,-0.199912655,0.983464169,0.000000,0.000000,0.000000,0.000000,0.500000,0.021892937,0.022119835
3546,3546,left,0.466407614,-0.112251823,0.864408040,0.001447,-0.541223,0.000236,0.541225,0.000000,-0.000049232,0.000049318
3546,3546,right,0.438136853,-0.199912655,0.983464169,0.000000,0.000000,0.000000,0.000000,0.500000,0.021892937,0.022119835
3547,3547,left,0.466371761,-0.112686599,0.864393614,-0.035853,-0.434776,-0.014426,0.436252,0.000000,-0.000049190,0.000049276
3547,3547,right,0.438136853,-0.199912655,0.983464169,0.000000,0.000000,0.000000,0.000000,0.500000,0.021892937,0.022119835
3548,3548,left,0.466366489,-0.113120441,0.864391036,-0.005272,-0.433842,-0.002578,0.433874,0.000000,-0.000049137,0.000049223
3548,3548,right,0.438136853,-0.199912655,0.983464169,0.000000,0.000000,0.000000,0.000000,0.500000,0.021892937,0.022119835
3549,3549,left,0.466369821,-0.113516846,0.864392236,0.003331,-0.396405,0.001199,0.396419,0.000000,-0.000049086,0.000049172
3549,3549,right,0.438136853,-0.199912655,0.983464169,0.000000,0.000000,0.000000,0.000000,0.500000,0.021892937,0.022119835
3550,3550,left,0.466375329,-0.113868636,0.864394250,0.005508,-0.351790,0.002015,0.351833,0.000000,-0.000049039,0.000049125
3550,3550,right,0.438136853,-0.199912655,0.983464169,0.000000,0.000000,0.000000,0.000000,0.500000,0.021892937,0.022119835
3551,3551,left,0.466381259,-0.114175756,0.864396249,0.005931,-0.307120,0.001999,0.307178,0.000000,-0.000048998,0.000049084
3551,3551,right,0.438136853,-0.199912655,0.983464169,0.000000,0.000000,0.000000,0.000000,0.500000,0.021892937,0.022119835
3552,3552,left,0.466386925,-0.114439559,0.864398260,0.005665,-0.263802,0.002010,0.263863,0.000000,-0.000048963,0.000049049
3552,3552,right,0.438136853,-0.199912655,0.983464169,0.000000,0.000000,0.000000,0.000000,0.500000,0.021892937,0.022119835
3553,3553,left,0.466392727,-0.114662012,0.864400633,0.005803,-0.222453,0.002373,0.222529,0.000000,-0.000048932,0.000049018
3553,3553,right,0.438136853,-0.199912655,0.983464169,0.000000,0.000000,0.000000,0.000000,0.500000,0.021892937,0.022119835
3554,3554,left,0.466398094,-0.114845463,0.864402524,0.005367,-0.183452,0.001891,0.183530,0.000000,-0.000048907,0.000048993
3554,3554,right,0.438136853,-0.199912655,0.983464169,0.000000,0.000000,0.000000,0.000000,0.500000,0.021892937,0.022119835
3555,3555,left,0.466403144,-0.114992885,0.864404544,0.005050,-0.147421,0.002021,0.147508,0.000000,-0.000048886,0.000048972
3555,3555,right,0.438136853,-0.199912655,0.983464169,0.000000,0.000000,0.000000,0.000000,0.500000,0.021892937,0.022119835
3556,3556,left,0.466407902,-0.115107456,0.864406228,0.004757,-0.114571,0.001684,0.114670,0.000000,-0.000048870,0.000048956
3556,3556,right,0.438136853,-0.199912655,0.983464169,0.000000,0.000000,0.000000,0.000000,0.500000,0.021892937,0.022119835
3557,3557,left,0.466411808,-0.115192618,0.864407617,0.003907,-0.085162,0.001389,0.085252,0.000000,-0.000048857,0.000048944
3557,3557,right,0.438136853,-0.199912655,0.983464169,0.000000,0.000000,0.000000,0.000000,0.500000,0.021892937,0.022119835
3558,3558,left,0.466411808,-0.115192618,0.864407617,0.000000,0.000000,0.000000,0.000000,0.000000,-0.000048857,0.000048944
3558,3558,right,0.438136853,-0.199912655,0.983464169,0.000000,0.000000,0.000000,0.000000,0.500000,0.021892937,0.022119835
3559,3559,left,0.466412244,-0.115281033,0.864407981,0.000435,-0.088415,0.000364,0.088416,0.000000,-0.000048846,0.000048932
3559,3559,right,0.438136853,-0.199912655,0.983464169,0.000000,0.000000,0.000000,0.000000,0.500000,0.021892937,0.022119835
3560,3560,left,0.466412244,-0.115281033,0.864407981,0.000000,0.000000,0.000000,0.000000,0.000000,-0.000048846,0.000048932
3560,3560,right,0.438136853,-0.199912655,0.983464169,0.000000,0.000000,0.000000,0.000000,0.500000,0.021892937,0.022119835
3561,3561,left,0.466412244,-0.115281033,0.864407981,0.000000,0.000000,0.000000,0.000000,0.000000,-0.000048846,0.000048932
3561,3561,right,0.438136853,-0.199912655,0.983464169,0.000000,0.000000,0.000000,0.000000,0.500000,0.021892937,0.022119835
3562,3562,left,0.466412244,-0.115281033,0.864407981,0.000000,0.000000,0.000000,0.000000,0.000000,-0.000048846,0.000048932
3562,3562,right,0.438136853,-0.199912655,0.983464169,0.000000,0.000000,0.000000,0.000000,0.500000,0.021892937,0.022119835
3563,3563,left,0.466412244,-0.115281033,0.864407981,0.000000,0.000000,0.000000,0.000000,0.000000,-0.000048846,0.000048932
3563,3563,right,0.438136853,-0.199912655,0.983464169,0.000000,0.000000,0.000000,0.000000,0.500000,0.021892937,0.022119835
3564,3564,left,0.466412244,-0.115281033,0.864407981,0.000000,0.000000,0.000000,0.000000,0.000000,-0.000048846,0.000048932
3564,3564,right,0.438136853,-0.199912655,0.983464169,0.000000,0.000000,0.000000,0.000000,0.500000,0.021892937,0.022119835
3565,3565,left,0.466412244,-0.115281033,0.864407981,0.000000,0.000000,0.000000,0.000000,0.000000,-0.000048846,0.000048932
3565,3565,right,0.438136853,-0.199912655,0.983464169,0.000000,0.000000,0.000000,0.000000,0.500000,0.021892937,0.022119835
3566,3566,left,0.466412244,-0.115281033,0.864407981,0.000000,0.000000,0.000000,0.000000,0.000000,-0.000048846,0.000048932
3566,3566,right,0.438136853,-0.199912655,0.983464169,0.000000,0.000000,0.000000,0.000000,0.500000,0.021892937,0.022119835
3567,3567,left,0.466412244,-0.115281033,0.864407981,0.000000,0.000000,0.000000,0.000000,0.000000,-0.000048846,0.000048932
3567,3567,right,0.438136853,-0.199912655,0.983464169,0.000000,0.000000,0.000000,0.000000,0.500000,0.021892937,0.022119835
3568,3568,left,0.466412244,-0.115281033,0.864407981,0.000000,0.000000,0.000000,0.000000,0.000000,-0.000048846,0.000048932
3568,3568,right,0.438136853,-0.199912655,0.983464169,0.000000,0.000000,0.000000,0.000000,0.500000,0.021892937,0.022119835
3569,3569,left,0.466412244,-0.115281033,0.864407981,0.000000,0.000000,0.000000,0.000000,0.000000,-0.000048846,0.000048932
3569,3569,right,0.438136853,-0.199912655,0.983464169,0.000000,0.000000,0.000000,0.000000,0.500000,0.021892937,0.022119835
3570,3570,left,0.466412244,-0.115281033,0.864407981,0.000000,0.000000,0.000000,0.000000,0.000000,-0.000048846,0.000048932
3570,3570,right,0.438136853,-0.199912655,0.983464169,0.000000,0.000000,0.000000,0.000000,0.500000,0.021892937,0.022119835
3571,3571,left,0.466412244,-0.115281033,0.864407981,0.000000,0.000000,0.000000,0.000000,0.000000,-0.000048846,0.000048932
3571,3571,right,0.438136853,-0.199912655,0.983464169,0.000000,0.000000,0.000000,0.000000,0.500000,0.021892937,0.022119835
3572,3572,left,0.466412244,-0.115281033,0.864407981,0.000000,0.000000,0.000000,0.000000,0.000000,-0.000048846,0.000048932
3572,3572,right,0.438136853,-0.199912655,0.983464169,0.000000,0.000000,0.000000,0.000000,0.500000,0.021892937,0.022119835
3573,3573,left,0.466412244,-0.115281033,0.864407981,0.000000,0.000000,0.000000,0.000000,0.000000,-0.000048846,0.000048932
3573,3573,right,0.438136853,-0.199912655,0.983464169,0.000000,0.000000,0.000000,0.000000,0.500000,0.021892937,0.022119835
3574,3574,left,0.466412244,-0.115281033,0.864407981,0.000000,0.000000,0.000000,0.000000,0.000000,-0.000048846,0.000048932
3574,3574,right,0.438136853,-0.199912655,0.983464169,0.000000,0.000000,0.000000,0.000000,0.500000,0.021892937,0.022119835
3575,3575,left,0.466412244,-0.115281033,0.864407981,0.000000,0.000000,0.000000,0.000000,0.000000,-0.000048846,0.000048932
3575,3575,right,0.438136853,-0.199912655,0.983464169,0.000000,0.000000,0.000000,0.000000,0.500000,0.021892937,0.022119835
3576,3576,left,0.466412244,-0.115281033,0.864407981,0.000000,0.000000,0.000000,0.000000,0.000000,-0.000048846,0.000048932
3576,3576,right,0.438136853,-0.199912655,0.983464169,0.000000,0.000000,0.000000,0.000000,0.500000,0.021892937,0.022119835
3577,3577,left,0.466412244,-0.115281033,0.864407981,0.000000,0.000000,0.000000,0.000000,0.000000,-0.000048846,0.000048932
3577,3577,right,0.438136853,-0.199912655,0.983464169,0.000000,0.000000,0.000000,0.000000,0.500000,0.021892937,0.022119835
3578,3578,left,0.466412244,-0.115281033,0.864407981,0.000000,0.000000,0.000000,0.000000,0.000000,-0.000048846,0.000048932
3578,3578,right,0.438136853,-0.199912655,0.983464169,0.000000,0.000000,0.000000,0.000000,0.500000,0.021892937,0.022119835
3579,3579,left,0.466412244,-0.115281033,0.864407981,0.000000,0.000000,0.000000,0.000000,0.000000,-0.000048846,0.000048932
3579,3579,right,0.438136853,-0.199912655,0.983464169,0.000000,0.000000,0.000000,0.000000,0.500000,0.021892937,0.022119835
3580,3580,left,0.466412244,-0.115281033,0.864407981,0.000000,0.000000,0.000000,0.000000,0.000000,-0.000048846,0.000048932
3580,3580,right,0.438136853,-0.199912655,0.983464169,0.000000,0.000000,0.000000,0.000000,0.500000,0.021892937,0.022119835
3581,3581,left,0.466412244,-0.115281033,0.864407981,0.000000,0.000000,0.000000,0.000000,0.000000,-0.000048846,0.000048932
3581,3581,right,0.438136853,-0.199912655,0.983464169,0.000000,0.000000,0.000000,0.000000,0.500000,0.021892937,0.022119835
3582,3582,left,0.466412244,-0.115281033,0.864407981,0.000000,0.000000,0.000000,0.000000,0.000000,-0.000048846,0.000048932
3582,3582,right,0.438136853,-0.199912655,0.983464169,0.000000,0.000000,0.000000,0.000000,0.500000,0.021892937,0.022119835
3583,3583,left,0.466412244,-0.115281033,0.864407981,0.000000,0.000000,0.000000,0.000000,0.000000,-0.000048846,0.000048932
3583,3583,right,0.438136853,-0.199912655,0.983464169,0.000000,0.000000,0.000000,0.000000,0.500000,0.021892937,0.022119835
3584,3584,left,0.466412244,-0.115281033,0.864407981,0.000000,0.000000,0.000000,0.000000,0.000000,-0.000048846,0.000048932
3584,3584,right,0.438136853,-0.199912655,0.983464169,0.000000,0.000000,0.000000,0.000000,0.500000,0.021892937,0.022119835
3585,3585,left,0.466412244,-0.115281033,0.864407981,0.000000,0.000000,0.000000,0.000000,0.000000,-0.000048846,0.000048932
3585,3585,right,0.438136853,-0.199912655,0.983464169,0.000000,0.000000,0.000000,0.000000,0.500000,0.021892937,0.022119835
3586,3586,left,0.466412244,-0.115281033,0.864407981,0.000000,0.000000,0.000000,0.000000,0.000000,-0.000048846,0.000048932
3586,3586,right,0.438136853,-0.199912655,0.983464169,0.000000,0.000000,0.000000,0.000000,0.500000,0.021892937,0.022119835
3587,3587,left,0.466412244,-0.115281033,0.864407981,0.000000,0.000000,0.000000,0.000000,0.000000,-0.000048846,0.000048932
3587,3587,right,0.438136853,-0.199912655,0.983464169,0.000000,0.000000,0.000000,0.000000,0.500000,0.021892937,0.022119835
3588,3588,left,0.466412244,-0.115281033,0.864407981,0.000000,0.000000,0.000000,0.000000,0.000000,-0.000048846,0.000048932
3588,3588,right,0.438136853,-0.199912655,0.983464169,0.000000,0.000000,0.000000,0.000000,0.500000,0.021892937,0.022119835
3589,3589,left,0.466412244,-0.115281033,0.864407981,0.000000,0.000000,0.000000,0.000000,0.000000,-0.000048846,0.000048932
3589,3589,right,0.438136853,-0.199912655,0.983464169,0.000000,0.000000,0.000000,0.000000,0.500000,0.021892937,0.022119835
3590,3590,left,0.466412244,-0.115281033,0.864407981,0.000000,0.000000,0.000000,0.000000,0.000000,-0.000048846,0.000048932
3590,3590,right,0.438136853,-0.199912655,0.983464169,0.000000,0.000000,0.000000,0.000000,0.500000,0.021892937,0.022119835
3591,3591,left,0.466412244,-0.115281033,0.864407981,0.000000,0.000000,0.000000,0.000000,0.000000,-0.000048846,0.000048932
3591,3591,right,0.438136853,-0.199912655,0.983464169,0.000000,0.000000,0.000000,0.000000,0.500000,0.021892937,0.022119835
3592,3592,left,0.466412244,-0.115281033,0.864407981,0.000000,0.000000,0.000000,0.000000,0.000000,-0.000048846,0.000048932
3592,3592,right,0.438136853,-0.199912655,0.983464169,0.000000,0.000000,0.000000,0.000000,0.500000,0.021892937,0.022119835
